[
{
  "model": "rateMyCourse.department",
  "pk": 1,
  "fields": {
    "name": "Office",
    "website": ""
  }
},
{
  "model": "rateMyCourse.department",
  "pk": 2,
  "fields": {
    "name": "\u6d3e\u51fa\u6240",
    "website": "http://www.110.com"
  }
},
{
  "model": "rateMyCourse.department",
  "pk": 3,
  "fields": {
    "name": "rbq",
    "website": ""
  }
},
{
  "model": "rateMyCourse.teacher",
  "pk": 1,
  "fields": {
    "name": "qiang",
    "website": "http://www.qiang.com",
    "title": "First Qiang"
  }
},
{
  "model": "rateMyCourse.teacher",
  "pk": 2,
  "fields": {
    "name": "police",
    "website": "http://www.110.com",
    "title": "Dear Police"
  }
},
{
  "model": "rateMyCourse.teacher",
  "pk": 3,
  "fields": {
    "name": "rbq",
    "website": "",
    "title": ""
  }
},
{
  "model": "rateMyCourse.user",
  "pk": 1,
  "fields": {
    "username": "ming",
    "mail": "ming@test.com",
    "password": "95c90aa47733b9023c318d9914606339",
    "role": "S",
    "self_introduction": "mingming",
    "gender": "M",
    "profile_photo": "https://i.loli.net/2019/05/19/5ce0ea8b787c711513.jpg"
  }
},
{
  "model": "rateMyCourse.user",
  "pk": 2,
  "fields": {
    "username": "hong",
    "mail": "hong@test.com",
    "password": "88163c52fdb7520d2da5295dcb52bff0",
    "role": "S",
    "self_introduction": "honghong",
    "gender": "F",
    "profile_photo": "https://i.loli.net/2019/05/19/5ce0f5cb0751013593.jpg"
  }
},
{
  "model": "rateMyCourse.user",
  "pk": 3,
  "fields": {
    "username": "qiang",
    "mail": "qiang@test.com",
    "password": "fcdb06a72af0516502e5fdccc9181ee0",
    "role": "T",
    "self_introduction": "qiangqiang",
    "gender": "M"
  }
},
{
  "model": "rateMyCourse.user",
  "pk": 4,
  "fields": {
    "username": "slave",
    "mail": "slave@test.com",
    "password": "03158cf39c6f316f9ce98a4e034cdc28",
    "role": "O",
    "self_introduction": "slaveslave",
    "gender": "A"
  }
},
{
  "model": "rateMyCourse.user",
  "pk": 5,
  "fields": {
    "username": "police",
    "mail": "police@test.com",
    "password": "814989b983fd853fb374e1676a06ade4",
    "role": "T",
    "self_introduction": "policepolice",
    "gender": "M"
  }
},
{
  "model": "rateMyCourse.user",
  "pk": 6,
  "fields": {
    "username": "rbq",
    "mail": "rbq@test.com",
    "password": "9c92c67a42ff4cb9f48f096dba2fdcea",
    "role": "O",
    "self_introduction": "",
    "gender": "A"
  }
},
{
  "model": "rateMyCourse.course",
  "pk": 1,
  "fields": {
    "name": "\u8bba\u6301\u4e45\u6218",
    "website": "http://www.longlong.com",
    "course_ID": "0",
    "description": "\u732b\u771f\u53ef\u7231",
    "course_type": "\u5fc5\u4fee",
    "credit": 1.0
  }
},
{
  "model": "rateMyCourse.course",
  "pk": 2,
  "fields": {
    "name": "\u7b2c\u4e09\u6b21\u4e16\u754c\u5927\u6218",
    "website": "http://www.ww3.com",
    "course_ID": "1",
    "description": "",
    "course_type": "",
    "credit": 1.0
  }
},
{
  "model": "rateMyCourse.course",
  "pk": 3,
  "fields": {
    "name": "\u5982\u4f55\u8fdb\u7262\u5b50",
    "website": "http://www.jubao.com",
    "course_ID": "110",
    "description": "\u5f88\u7b80\u5355",
    "course_type": "\u5fc5\u4fee",
    "credit": 3.0
  }
},
{
  "model": "rateMyCourse.course",
  "pk": 4,
  "fields": {
    "name": "rbq",
    "website": "http://www.rbq.com",
    "course_ID": "000000",
    "description": "",
    "course_type": "",
    "credit": 1.0
  }
},
{
  "model": "rateMyCourse.teachcourse",
  "pk": 1,
  "fields": {
    "course": 1,
    "department": 1,
    "teachers": [
      1
    ]
  }
},
{
  "model": "rateMyCourse.teachcourse",
  "pk": 2,
  "fields": {
    "course": 2,
    "department": 1,
    "teachers": [
      1,
      2
    ]
  }
},
{
  "model": "rateMyCourse.teachcourse",
  "pk": 3,
  "fields": {
    "course": 3,
    "department": 2,
    "teachers": [
      2
    ]
  }
},
{
  "model": "rateMyCourse.teachcourse",
  "pk": 5,
  "fields": {
    "course": 4,
    "department": 3,
    "teachers": [
      3
    ]
  }
},
{
  "model": "rateMyCourse.rank",
  "pk": 3,
  "fields": {
    "difficulty_score": 1.0,
    "funny_score": 2.0,
    "gain_score": 3.0,
    "recommend_score": 4.0,
    "edit_time": "2019-04-20T06:49:27.446Z"
  }
},
{
  "model": "rateMyCourse.rank",
  "pk": 4,
  "fields": {
    "difficulty_score": 5.0,
    "funny_score": 5.0,
    "gain_score": 5.0,
    "recommend_score": 5.0,
    "edit_time": "2019-05-07T07:22:05.280Z"
  }
},
{
  "model": "rateMyCourse.rank",
  "pk": 5,
  "fields": {
    "difficulty_score": 1.0,
    "funny_score": 1.0,
    "gain_score": 1.0,
    "recommend_score": 1.0,
    "edit_time": "2019-05-07T08:27:42.847Z"
  }
},
{
  "model": "rateMyCourse.makerank",
  "pk": 3,
  "fields": {
    "user": 1,
    "course": 2,
    "rank": 3
  }
},
{
  "model": "rateMyCourse.makerank",
  "pk": 4,
  "fields": {
    "user": 6,
    "course": 4,
    "rank": 4
  }
},
{
  "model": "rateMyCourse.makerank",
  "pk": 5,
  "fields": {
    "user": 1,
    "course": 3,
    "rank": 5
  }
},
{
  "model": "rateMyCourse.rankcache",
  "pk": 1,
  "fields": {
    "course": 1,
    "count": 0,
    "difficulty_score": 0.0,
    "funny_score": 0.0,
    "gain_score": 0.0,
    "recommend_score": 0.0,
    "position": -1.0,
    "people": 0
  }
},
{
  "model": "rateMyCourse.rankcache",
  "pk": 2,
  "fields": {
    "course": 2,
    "count": 0,
    "difficulty_score": 1.0,
    "funny_score": 2.0,
    "gain_score": 3.0,
    "recommend_score": 4.0,
    "position": 1.0,
    "people": 1
  }
},
{
  "model": "rateMyCourse.rankcache",
  "pk": 3,
  "fields": {
    "course": 3,
    "count": 0,
    "difficulty_score": 1.0,
    "funny_score": 1.0,
    "gain_score": 1.0,
    "recommend_score": 1.0,
    "position": 2.0,
    "people": 1
  }
},
{
  "model": "rateMyCourse.rankcache",
  "pk": 4,
  "fields": {
    "course": 4,
    "count": 0,
    "difficulty_score": 5.0,
    "funny_score": 5.0,
    "gain_score": 5.0,
    "recommend_score": 5.0,
    "position": -1.0,
    "people": 1
  }
},
{
  "model": "rateMyCourse.comment",
  "pk": 1,
  "fields": {
    "content": "\u6211\u6210\u529f\u8fdb\u53bb\u5566\uff01",
    "create_time": "2019-04-15T04:10:00Z",
    "edit_time": "2019-05-11T08:24:40.146Z",
    "parent_comment": -1,
    "rate": 0,
    "teacher": 2
  }
},
{
  "model": "rateMyCourse.comment",
  "pk": 2,
  "fields": {
    "content": "\u90a3\u4f60\u5f88\u68d2\u68d2\u54e6",
    "create_time": "2019-04-15T08:33:00Z",
    "edit_time": "2019-05-11T08:25:34.103Z",
    "parent_comment": 1,
    "rate": 1,
    "teacher": 2
  }
},
{
  "model": "rateMyCourse.comment",
  "pk": 3,
  "fields": {
    "content": "rbq",
    "create_time": "2019-04-15T08:34:00Z",
    "edit_time": "2019-04-15T08:34:00Z",
    "parent_comment": -1,
    "rate": 0,
    "teacher": 1
  }
},
{
  "model": "rateMyCourse.makecomment",
  "pk": 1,
  "fields": {
    "user": 4,
    "course": 3,
    "comment": 1
  }
},
{
  "model": "rateMyCourse.makecomment",
  "pk": 2,
  "fields": {
    "user": 5,
    "course": 3,
    "comment": 2
  }
},
{
  "model": "rateMyCourse.makecomment",
  "pk": 3,
  "fields": {
    "user": 6,
    "course": 4,
    "comment": 3
  }
},
{
  "model": "rateMyCourse.ratecomment",
  "pk": 3,
  "fields": {
    "user": 1,
    "comment": 1,
    "rate": 1
  }
},
{
  "model": "rateMyCourse.ratecomment",
  "pk": 4,
  "fields": {
    "user": 2,
    "comment": 1,
    "rate": -1
  }
},
{
  "model": "rateMyCourse.ratecomment",
  "pk": 5,
  "fields": {
    "user": 1,
    "comment": 2,
    "rate": -1
  }
},
{
  "model": "rateMyCourse.ratecomment",
  "pk": 6,
  "fields": {
    "user": 2,
    "comment": 2,
    "rate": 1
  }
},
{
  "model": "rateMyCourse.ratecomment",
  "pk": 7,
  "fields": {
    "user": 3,
    "comment": 2,
    "rate": 1
  }
},
{
  "model": "auth.user",
  "pk": 1,
  "fields": {
    "password": "pbkdf2_sha256$120000$8lvA2ch3SuqD$OVPXfzj4e8jMlP8O0DFkEXr4H9MkEw9QOVynCZqhF/4=",
    "last_login": "2019-04-05T06:27:32.990Z",
    "is_superuser": true,
    "username": "admin",
    "first_name": "",
    "last_name": "",
    "email": "437566830@qq.com",
    "is_staff": true,
    "is_active": true,
    "date_joined": "2019-04-05T06:27:16.437Z",
    "groups": [],
    "user_permissions": []
  }
},
{
  "model": "auth.user",
  "pk": 2,
  "fields": {
    "password": "pbkdf2_sha256$120000$f3GQxdZQUzdU$OgNHHvNa8VxIGlU7MKtb1nnnQ1WCUgIpcOSNGJbtLnk=",
    "last_login": "2019-05-11T08:18:14.592Z",
    "is_superuser": true,
    "username": "root",
    "first_name": "",
    "last_name": "",
    "email": "fd@fd.com",
    "is_staff": true,
    "is_active": true,
    "date_joined": "2019-04-15T08:30:02.224Z",
    "groups": [],
    "user_permissions": []
  }
},
{
  "model": "sessions.session",
  "pk": "e2e4jjjwt8t1phrls0fl16t735w3ufso",
  "fields": {
    "session_data": "MTU2YzQ1ZWI0NjEzZTRmYzgxOTllYTJiMjllZjMyM2I5NDlmNDU0ODp7Il9hdXRoX3VzZXJfaWQiOiIyIiwiX2F1dGhfdXNlcl9iYWNrZW5kIjoiZGphbmdvLmNvbnRyaWIuYXV0aC5iYWNrZW5kcy5Nb2RlbEJhY2tlbmQiLCJfYXV0aF91c2VyX2hhc2giOiI1NmZjMWJmYjk5M2M5MjhlYjNhYWMwYTY4YmQ5MzY1MjExMDc2ZmIwIn0=",
    "expire_date": "2019-05-25T08:18:14.710Z"
  }
}
]
