[
{
  "model": "rateMyCourse.department",
  "pk": 1,
  "fields": {
    "name": "Office",
    "website": ""
  }
},
{
  "model": "rateMyCourse.department",
  "pk": 2,
  "fields": {
    "name": "\u6d3e\u51fa\u6240",
    "website": "http://www.110.com"
  }
},
{
  "model": "rateMyCourse.department",
  "pk": 3,
  "fields": {
    "name": "rbq",
    "website": ""
  }
},
{
  "model": "rateMyCourse.teacher",
  "pk": 1,
  "fields": {
    "name": "qiang",
    "website": "http://www.qiang.com",
    "title": "First Qiang"
  }
},
{
  "model": "rateMyCourse.teacher",
  "pk": 2,
  "fields": {
    "name": "police",
    "website": "http://www.110.com",
    "title": "Dear Police"
  }
},
{
  "model": "rateMyCourse.teacher",
  "pk": 3,
  "fields": {
    "name": "rbq",
    "website": "",
    "title": ""
  }
},
{
  "model": "rateMyCourse.user",
  "pk": 1,
  "fields": {
    "username": "ming",
    "mail": "ming@test.com",
    "password": "95c90aa47733b9023c318d9914606339",
    "role": "S",
    "self_introduction": "mingming",
    "gender": "M"
  }
},
{
  "model": "rateMyCourse.user",
  "pk": 2,
  "fields": {
    "username": "hong",
    "mail": "hong@test.com",
    "password": "88163c52fdb7520d2da5295dcb52bff0",
    "role": "S",
    "self_introduction": "honghong",
    "gender": "F"
  }
},
{
  "model": "rateMyCourse.user",
  "pk": 3,
  "fields": {
    "username": "qiang",
    "mail": "qiang@test.com",
    "password": "fcdb06a72af0516502e5fdccc9181ee0",
    "role": "T",
    "self_introduction": "qiangqiang",
    "gender": "M"
  }
},
{
  "model": "rateMyCourse.user",
  "pk": 4,
  "fields": {
    "username": "slave",
    "mail": "slave@test.com",
    "password": "03158cf39c6f316f9ce98a4e034cdc28",
    "role": "O",
    "self_introduction": "slaveslave",
    "gender": "A"
  }
},
{
  "model": "rateMyCourse.user",
  "pk": 5,
  "fields": {
    "username": "police",
    "mail": "police@test.com",
    "password": "814989b983fd853fb374e1676a06ade4",
    "role": "T",
    "self_introduction": "policepolice",
    "gender": "M"
  }
},
{
  "model": "rateMyCourse.user",
  "pk": 6,
  "fields": {
    "username": "rbq",
    "mail": "rbq@test.com",
    "password": "9c92c67a42ff4cb9f48f096dba2fdcea",
    "role": "O",
    "self_introduction": "",
    "gender": "A"
  }
},
{
  "model": "rateMyCourse.course",
  "pk": 1,
  "fields": {
    "name": "\u8bba\u6301\u4e45\u6218",
    "website": "http://www.longlong.com",
    "course_ID": "0",
    "description": "\u732b\u771f\u53ef\u7231",
    "course_type": "\u5fc5\u4fee",
    "credit": 1.0
  }
},
{
  "model": "rateMyCourse.course",
  "pk": 2,
  "fields": {
    "name": "\u7b2c\u4e09\u6b21\u4e16\u754c\u5927\u6218",
    "website": "http://www.ww3.com",
    "course_ID": "1",
    "description": "",
    "course_type": "",
    "credit": 1.0
  }
},
{
  "model": "rateMyCourse.course",
  "pk": 3,
  "fields": {
    "name": "\u5982\u4f55\u8fdb\u7262\u5b50",
    "website": "http://www.jubao.com",
    "course_ID": "110",
    "description": "\u5f88\u7b80\u5355",
    "course_type": "\u5fc5\u4fee",
    "credit": 3.0
  }
},
{
  "model": "rateMyCourse.course",
  "pk": 4,
  "fields": {
    "name": "rbq",
    "website": "http://www.rbq.com",
    "course_ID": "000000",
    "description": "",
    "course_type": "",
    "credit": 1.0
  }
},
{
  "model": "rateMyCourse.course",
  "pk": 5,
  "fields": {
    "name": "1",
    "website": "",
    "course_ID": "08081",
    "description": "",
    "course_type": "",
    "credit": 1.0
  }
},
{
  "model": "rateMyCourse.course",
  "pk": 6,
  "fields": {
    "name": "2",
    "website": "",
    "course_ID": "08082",
    "description": "",
    "course_type": "",
    "credit": 1.0
  }
},
{
  "model": "rateMyCourse.course",
  "pk": 7,
  "fields": {
    "name": "3",
    "website": "",
    "course_ID": "08083",
    "description": "",
    "course_type": "",
    "credit": 1.0
  }
},
{
  "model": "rateMyCourse.course",
  "pk": 8,
  "fields": {
    "name": "4",
    "website": "",
    "course_ID": "08084",
    "description": "",
    "course_type": "",
    "credit": 1.0
  }
},
{
  "model": "rateMyCourse.course",
  "pk": 9,
  "fields": {
    "name": "5",
    "website": "",
    "course_ID": "08085",
    "description": "",
    "course_type": "",
    "credit": 1.0
  }
},
{
  "model": "rateMyCourse.course",
  "pk": 10,
  "fields": {
    "name": "6",
    "website": "",
    "course_ID": "08086",
    "description": "",
    "course_type": "",
    "credit": 1.0
  }
},
{
  "model": "rateMyCourse.course",
  "pk": 11,
  "fields": {
    "name": "7",
    "website": "",
    "course_ID": "08087",
    "description": "",
    "course_type": "",
    "credit": 1.0
  }
},
{
  "model": "rateMyCourse.course",
  "pk": 12,
  "fields": {
    "name": "8",
    "website": "",
    "course_ID": "08088",
    "description": "",
    "course_type": "",
    "credit": 1.0
  }
},
{
  "model": "rateMyCourse.course",
  "pk": 13,
  "fields": {
    "name": "9",
    "website": "",
    "course_ID": "08089",
    "description": "",
    "course_type": "",
    "credit": 1.0
  }
},
{
  "model": "rateMyCourse.course",
  "pk": 14,
  "fields": {
    "name": "10",
    "website": "",
    "course_ID": "080810",
    "description": "",
    "course_type": "",
    "credit": 1.0
  }
},
{
  "model": "rateMyCourse.course",
  "pk": 15,
  "fields": {
    "name": "11",
    "website": "",
    "course_ID": "080811",
    "description": "",
    "course_type": "",
    "credit": 1.0
  }
},
{
  "model": "rateMyCourse.course",
  "pk": 16,
  "fields": {
    "name": "12",
    "website": "",
    "course_ID": "080812",
    "description": "",
    "course_type": "",
    "credit": 1.0
  }
},
{
  "model": "rateMyCourse.course",
  "pk": 17,
  "fields": {
    "name": "13",
    "website": "",
    "course_ID": "080813",
    "description": "",
    "course_type": "",
    "credit": 1.0
  }
},
{
  "model": "rateMyCourse.course",
  "pk": 18,
  "fields": {
    "name": "14",
    "website": "",
    "course_ID": "080814",
    "description": "",
    "course_type": "",
    "credit": 1.0
  }
},
{
  "model": "rateMyCourse.course",
  "pk": 19,
  "fields": {
    "name": "15",
    "website": "",
    "course_ID": "080815",
    "description": "",
    "course_type": "",
    "credit": 1.0
  }
},
{
  "model": "rateMyCourse.course",
  "pk": 20,
  "fields": {
    "name": "16",
    "website": "",
    "course_ID": "080816",
    "description": "",
    "course_type": "",
    "credit": 1.0
  }
},
{
  "model": "rateMyCourse.course",
  "pk": 21,
  "fields": {
    "name": "17",
    "website": "",
    "course_ID": "080817",
    "description": "",
    "course_type": "",
    "credit": 1.0
  }
},
{
  "model": "rateMyCourse.course",
  "pk": 22,
  "fields": {
    "name": "18",
    "website": "",
    "course_ID": "080818",
    "description": "",
    "course_type": "",
    "credit": 1.0
  }
},
{
  "model": "rateMyCourse.course",
  "pk": 23,
  "fields": {
    "name": "19",
    "website": "",
    "course_ID": "080819",
    "description": "",
    "course_type": "",
    "credit": 1.0
  }
},
{
  "model": "rateMyCourse.course",
  "pk": 24,
  "fields": {
    "name": "20",
    "website": "",
    "course_ID": "080820",
    "description": "",
    "course_type": "",
    "credit": 1.0
  }
},
{
  "model": "rateMyCourse.course",
  "pk": 25,
  "fields": {
    "name": "21",
    "website": "",
    "course_ID": "080821",
    "description": "",
    "course_type": "",
    "credit": 1.0
  }
},
{
  "model": "rateMyCourse.course",
  "pk": 26,
  "fields": {
    "name": "22",
    "website": "",
    "course_ID": "080822",
    "description": "",
    "course_type": "",
    "credit": 1.0
  }
},
{
  "model": "rateMyCourse.course",
  "pk": 27,
  "fields": {
    "name": "23",
    "website": "",
    "course_ID": "080823",
    "description": "",
    "course_type": "",
    "credit": 1.0
  }
},
{
  "model": "rateMyCourse.course",
  "pk": 28,
  "fields": {
    "name": "24",
    "website": "",
    "course_ID": "080824",
    "description": "",
    "course_type": "",
    "credit": 1.0
  }
},
{
  "model": "rateMyCourse.course",
  "pk": 29,
  "fields": {
    "name": "25",
    "website": "",
    "course_ID": "080825",
    "description": "",
    "course_type": "",
    "credit": 1.0
  }
},
{
  "model": "rateMyCourse.course",
  "pk": 30,
  "fields": {
    "name": "26",
    "website": "",
    "course_ID": "080826",
    "description": "",
    "course_type": "",
    "credit": 1.0
  }
},
{
  "model": "rateMyCourse.course",
  "pk": 31,
  "fields": {
    "name": "27",
    "website": "",
    "course_ID": "080827",
    "description": "",
    "course_type": "",
    "credit": 1.0
  }
},
{
  "model": "rateMyCourse.course",
  "pk": 32,
  "fields": {
    "name": "28",
    "website": "",
    "course_ID": "080828",
    "description": "",
    "course_type": "",
    "credit": 1.0
  }
},
{
  "model": "rateMyCourse.course",
  "pk": 33,
  "fields": {
    "name": "29",
    "website": "",
    "course_ID": "080829",
    "description": "",
    "course_type": "",
    "credit": 1.0
  }
},
{
  "model": "rateMyCourse.course",
  "pk": 34,
  "fields": {
    "name": "30",
    "website": "",
    "course_ID": "080830",
    "description": "",
    "course_type": "",
    "credit": 1.0
  }
},
{
  "model": "rateMyCourse.course",
  "pk": 35,
  "fields": {
    "name": "31",
    "website": "",
    "course_ID": "080831",
    "description": "",
    "course_type": "",
    "credit": 1.0
  }
},
{
  "model": "rateMyCourse.course",
  "pk": 36,
  "fields": {
    "name": "32",
    "website": "",
    "course_ID": "080832",
    "description": "",
    "course_type": "",
    "credit": 1.0
  }
},
{
  "model": "rateMyCourse.course",
  "pk": 37,
  "fields": {
    "name": "33",
    "website": "",
    "course_ID": "080833",
    "description": "",
    "course_type": "",
    "credit": 1.0
  }
},
{
  "model": "rateMyCourse.course",
  "pk": 38,
  "fields": {
    "name": "34",
    "website": "",
    "course_ID": "080834",
    "description": "",
    "course_type": "",
    "credit": 1.0
  }
},
{
  "model": "rateMyCourse.course",
  "pk": 39,
  "fields": {
    "name": "35",
    "website": "",
    "course_ID": "080835",
    "description": "",
    "course_type": "",
    "credit": 1.0
  }
},
{
  "model": "rateMyCourse.course",
  "pk": 40,
  "fields": {
    "name": "36",
    "website": "",
    "course_ID": "080836",
    "description": "",
    "course_type": "",
    "credit": 1.0
  }
},
{
  "model": "rateMyCourse.course",
  "pk": 41,
  "fields": {
    "name": "37",
    "website": "",
    "course_ID": "080837",
    "description": "",
    "course_type": "",
    "credit": 1.0
  }
},
{
  "model": "rateMyCourse.course",
  "pk": 42,
  "fields": {
    "name": "38",
    "website": "",
    "course_ID": "080838",
    "description": "",
    "course_type": "",
    "credit": 1.0
  }
},
{
  "model": "rateMyCourse.course",
  "pk": 43,
  "fields": {
    "name": "39",
    "website": "",
    "course_ID": "080839",
    "description": "",
    "course_type": "",
    "credit": 1.0
  }
},
{
  "model": "rateMyCourse.course",
  "pk": 44,
  "fields": {
    "name": "40",
    "website": "",
    "course_ID": "080840",
    "description": "",
    "course_type": "",
    "credit": 1.0
  }
},
{
  "model": "rateMyCourse.course",
  "pk": 45,
  "fields": {
    "name": "41",
    "website": "",
    "course_ID": "080841",
    "description": "",
    "course_type": "",
    "credit": 1.0
  }
},
{
  "model": "rateMyCourse.course",
  "pk": 46,
  "fields": {
    "name": "42",
    "website": "",
    "course_ID": "080842",
    "description": "",
    "course_type": "",
    "credit": 1.0
  }
},
{
  "model": "rateMyCourse.course",
  "pk": 47,
  "fields": {
    "name": "43",
    "website": "",
    "course_ID": "080843",
    "description": "",
    "course_type": "",
    "credit": 1.0
  }
},
{
  "model": "rateMyCourse.course",
  "pk": 48,
  "fields": {
    "name": "44",
    "website": "",
    "course_ID": "080844",
    "description": "",
    "course_type": "",
    "credit": 1.0
  }
},
{
  "model": "rateMyCourse.course",
  "pk": 49,
  "fields": {
    "name": "45",
    "website": "",
    "course_ID": "080845",
    "description": "",
    "course_type": "",
    "credit": 1.0
  }
},
{
  "model": "rateMyCourse.course",
  "pk": 50,
  "fields": {
    "name": "46",
    "website": "",
    "course_ID": "080846",
    "description": "",
    "course_type": "",
    "credit": 1.0
  }
},
{
  "model": "rateMyCourse.course",
  "pk": 51,
  "fields": {
    "name": "47",
    "website": "",
    "course_ID": "080847",
    "description": "",
    "course_type": "",
    "credit": 1.0
  }
},
{
  "model": "rateMyCourse.course",
  "pk": 52,
  "fields": {
    "name": "48",
    "website": "",
    "course_ID": "080848",
    "description": "",
    "course_type": "",
    "credit": 1.0
  }
},
{
  "model": "rateMyCourse.course",
  "pk": 53,
  "fields": {
    "name": "49",
    "website": "",
    "course_ID": "080849",
    "description": "",
    "course_type": "",
    "credit": 1.0
  }
},
{
  "model": "rateMyCourse.course",
  "pk": 54,
  "fields": {
    "name": "50",
    "website": "",
    "course_ID": "080850",
    "description": "",
    "course_type": "",
    "credit": 1.0
  }
},
{
  "model": "rateMyCourse.teachcourse",
  "pk": 1,
  "fields": {
    "course": 1,
    "department": 1,
    "teachers": [
      1
    ]
  }
},
{
  "model": "rateMyCourse.teachcourse",
  "pk": 2,
  "fields": {
    "course": 2,
    "department": 1,
    "teachers": [
      1,
      2
    ]
  }
},
{
  "model": "rateMyCourse.teachcourse",
  "pk": 3,
  "fields": {
    "course": 3,
    "department": 2,
    "teachers": [
      2
    ]
  }
},
{
  "model": "rateMyCourse.teachcourse",
  "pk": 4,
  "fields": {
    "course": 4,
    "department": 3,
    "teachers": [
      3
    ]
  }
},
{
  "model": "rateMyCourse.teachcourse",
  "pk": 5,
  "fields": {
    "course": 5,
    "department": 3,
    "teachers": [
      3
    ]
  }
},
{
  "model": "rateMyCourse.teachcourse",
  "pk": 6,
  "fields": {
    "course": 6,
    "department": 3,
    "teachers": [
      3
    ]
  }
},
{
  "model": "rateMyCourse.teachcourse",
  "pk": 7,
  "fields": {
    "course": 7,
    "department": 3,
    "teachers": [
      3
    ]
  }
},
{
  "model": "rateMyCourse.teachcourse",
  "pk": 8,
  "fields": {
    "course": 8,
    "department": 3,
    "teachers": [
      3
    ]
  }
},
{
  "model": "rateMyCourse.teachcourse",
  "pk": 9,
  "fields": {
    "course": 9,
    "department": 3,
    "teachers": [
      3
    ]
  }
},
{
  "model": "rateMyCourse.teachcourse",
  "pk": 10,
  "fields": {
    "course": 10,
    "department": 3,
    "teachers": [
      3
    ]
  }
},
{
  "model": "rateMyCourse.teachcourse",
  "pk": 11,
  "fields": {
    "course": 11,
    "department": 3,
    "teachers": [
      3
    ]
  }
},
{
  "model": "rateMyCourse.teachcourse",
  "pk": 12,
  "fields": {
    "course": 12,
    "department": 3,
    "teachers": [
      3
    ]
  }
},
{
  "model": "rateMyCourse.teachcourse",
  "pk": 13,
  "fields": {
    "course": 13,
    "department": 3,
    "teachers": [
      3
    ]
  }
},
{
  "model": "rateMyCourse.teachcourse",
  "pk": 14,
  "fields": {
    "course": 14,
    "department": 3,
    "teachers": [
      3
    ]
  }
},
{
  "model": "rateMyCourse.teachcourse",
  "pk": 15,
  "fields": {
    "course": 15,
    "department": 3,
    "teachers": [
      3
    ]
  }
},
{
  "model": "rateMyCourse.teachcourse",
  "pk": 16,
  "fields": {
    "course": 16,
    "department": 3,
    "teachers": [
      3
    ]
  }
},
{
  "model": "rateMyCourse.teachcourse",
  "pk": 17,
  "fields": {
    "course": 17,
    "department": 3,
    "teachers": [
      3
    ]
  }
},
{
  "model": "rateMyCourse.teachcourse",
  "pk": 18,
  "fields": {
    "course": 18,
    "department": 3,
    "teachers": [
      3
    ]
  }
},
{
  "model": "rateMyCourse.teachcourse",
  "pk": 19,
  "fields": {
    "course": 19,
    "department": 3,
    "teachers": [
      3
    ]
  }
},
{
  "model": "rateMyCourse.teachcourse",
  "pk": 20,
  "fields": {
    "course": 20,
    "department": 3,
    "teachers": [
      3
    ]
  }
},
{
  "model": "rateMyCourse.teachcourse",
  "pk": 21,
  "fields": {
    "course": 21,
    "department": 3,
    "teachers": [
      3
    ]
  }
},
{
  "model": "rateMyCourse.teachcourse",
  "pk": 22,
  "fields": {
    "course": 22,
    "department": 3,
    "teachers": [
      3
    ]
  }
},
{
  "model": "rateMyCourse.teachcourse",
  "pk": 23,
  "fields": {
    "course": 23,
    "department": 3,
    "teachers": [
      3
    ]
  }
},
{
  "model": "rateMyCourse.teachcourse",
  "pk": 24,
  "fields": {
    "course": 24,
    "department": 3,
    "teachers": [
      3
    ]
  }
},
{
  "model": "rateMyCourse.teachcourse",
  "pk": 25,
  "fields": {
    "course": 25,
    "department": 3,
    "teachers": [
      3
    ]
  }
},
{
  "model": "rateMyCourse.teachcourse",
  "pk": 26,
  "fields": {
    "course": 26,
    "department": 3,
    "teachers": [
      3
    ]
  }
},
{
  "model": "rateMyCourse.teachcourse",
  "pk": 27,
  "fields": {
    "course": 27,
    "department": 3,
    "teachers": [
      3
    ]
  }
},
{
  "model": "rateMyCourse.teachcourse",
  "pk": 28,
  "fields": {
    "course": 28,
    "department": 3,
    "teachers": [
      3
    ]
  }
},
{
  "model": "rateMyCourse.teachcourse",
  "pk": 29,
  "fields": {
    "course": 29,
    "department": 3,
    "teachers": [
      3
    ]
  }
},
{
  "model": "rateMyCourse.teachcourse",
  "pk": 30,
  "fields": {
    "course": 30,
    "department": 3,
    "teachers": [
      3
    ]
  }
},
{
  "model": "rateMyCourse.teachcourse",
  "pk": 31,
  "fields": {
    "course": 31,
    "department": 3,
    "teachers": [
      3
    ]
  }
},
{
  "model": "rateMyCourse.teachcourse",
  "pk": 32,
  "fields": {
    "course": 32,
    "department": 3,
    "teachers": [
      3
    ]
  }
},
{
  "model": "rateMyCourse.teachcourse",
  "pk": 33,
  "fields": {
    "course": 33,
    "department": 3,
    "teachers": [
      3
    ]
  }
},
{
  "model": "rateMyCourse.teachcourse",
  "pk": 34,
  "fields": {
    "course": 34,
    "department": 3,
    "teachers": [
      3
    ]
  }
},
{
  "model": "rateMyCourse.teachcourse",
  "pk": 35,
  "fields": {
    "course": 35,
    "department": 3,
    "teachers": [
      3
    ]
  }
},
{
  "model": "rateMyCourse.teachcourse",
  "pk": 36,
  "fields": {
    "course": 36,
    "department": 3,
    "teachers": [
      3
    ]
  }
},
{
  "model": "rateMyCourse.teachcourse",
  "pk": 37,
  "fields": {
    "course": 37,
    "department": 3,
    "teachers": [
      3
    ]
  }
},
{
  "model": "rateMyCourse.teachcourse",
  "pk": 38,
  "fields": {
    "course": 38,
    "department": 3,
    "teachers": [
      3
    ]
  }
},
{
  "model": "rateMyCourse.teachcourse",
  "pk": 39,
  "fields": {
    "course": 39,
    "department": 3,
    "teachers": [
      3
    ]
  }
},
{
  "model": "rateMyCourse.teachcourse",
  "pk": 40,
  "fields": {
    "course": 40,
    "department": 3,
    "teachers": [
      3
    ]
  }
},
{
  "model": "rateMyCourse.teachcourse",
  "pk": 41,
  "fields": {
    "course": 41,
    "department": 3,
    "teachers": [
      3
    ]
  }
},
{
  "model": "rateMyCourse.teachcourse",
  "pk": 42,
  "fields": {
    "course": 42,
    "department": 3,
    "teachers": [
      3
    ]
  }
},
{
  "model": "rateMyCourse.teachcourse",
  "pk": 43,
  "fields": {
    "course": 43,
    "department": 3,
    "teachers": [
      3
    ]
  }
},
{
  "model": "rateMyCourse.teachcourse",
  "pk": 44,
  "fields": {
    "course": 44,
    "department": 3,
    "teachers": [
      3
    ]
  }
},
{
  "model": "rateMyCourse.teachcourse",
  "pk": 45,
  "fields": {
    "course": 45,
    "department": 3,
    "teachers": [
      3
    ]
  }
},
{
  "model": "rateMyCourse.teachcourse",
  "pk": 46,
  "fields": {
    "course": 46,
    "department": 3,
    "teachers": [
      3
    ]
  }
},
{
  "model": "rateMyCourse.teachcourse",
  "pk": 47,
  "fields": {
    "course": 47,
    "department": 3,
    "teachers": [
      3
    ]
  }
},
{
  "model": "rateMyCourse.teachcourse",
  "pk": 48,
  "fields": {
    "course": 48,
    "department": 3,
    "teachers": [
      3
    ]
  }
},
{
  "model": "rateMyCourse.teachcourse",
  "pk": 49,
  "fields": {
    "course": 49,
    "department": 3,
    "teachers": [
      3
    ]
  }
},
{
  "model": "rateMyCourse.teachcourse",
  "pk": 50,
  "fields": {
    "course": 50,
    "department": 3,
    "teachers": [
      3
    ]
  }
},
{
  "model": "rateMyCourse.teachcourse",
  "pk": 51,
  "fields": {
    "course": 51,
    "department": 3,
    "teachers": [
      3
    ]
  }
},
{
  "model": "rateMyCourse.teachcourse",
  "pk": 52,
  "fields": {
    "course": 52,
    "department": 3,
    "teachers": [
      3
    ]
  }
},
{
  "model": "rateMyCourse.teachcourse",
  "pk": 53,
  "fields": {
    "course": 53,
    "department": 3,
    "teachers": [
      3
    ]
  }
},
{
  "model": "rateMyCourse.teachcourse",
  "pk": 54,
  "fields": {
    "course": 54,
    "department": 3,
    "teachers": [
      3
    ]
  }
},
{
  "model": "rateMyCourse.rank",
  "pk": 3,
  "fields": {
    "difficulty_score": 1.0,
    "funny_score": 2.0,
    "gain_score": 3.0,
    "recommend_score": 4.0,
    "edit_time": "2019-04-20T06:49:27.446Z"
  }
},
{
  "model": "rateMyCourse.rank",
  "pk": 4,
  "fields": {
    "difficulty_score": 5.0,
    "funny_score": 5.0,
    "gain_score": 5.0,
    "recommend_score": 5.0,
    "edit_time": "2019-05-07T07:22:05.280Z"
  }
},
{
  "model": "rateMyCourse.rank",
  "pk": 5,
  "fields": {
    "difficulty_score": 1.0,
    "funny_score": 1.0,
    "gain_score": 1.0,
    "recommend_score": 1.0,
    "edit_time": "2019-05-07T08:27:42.847Z"
  }
},
{
  "model": "rateMyCourse.makerank",
  "pk": 3,
  "fields": {
    "user": 1,
    "course": 2,
    "rank": 3
  }
},
{
  "model": "rateMyCourse.makerank",
  "pk": 4,
  "fields": {
    "user": 6,
    "course": 4,
    "rank": 4
  }
},
{
  "model": "rateMyCourse.makerank",
  "pk": 5,
  "fields": {
    "user": 1,
    "course": 3,
    "rank": 5
  }
},
{
  "model": "rateMyCourse.rankcache",
  "pk": 1,
  "fields": {
    "course": 1,
    "count": 0,
    "difficulty_score": 0.0,
    "funny_score": 0.0,
    "gain_score": 0.0,
    "recommend_score": 0.0,
    "position": -1.0,
    "people": 0
  }
},
{
  "model": "rateMyCourse.rankcache",
  "pk": 2,
  "fields": {
    "course": 2,
    "count": 0,
    "difficulty_score": 1.0,
    "funny_score": 2.0,
    "gain_score": 3.0,
    "recommend_score": 4.0,
    "position": 1.0,
    "people": 1
  }
},
{
  "model": "rateMyCourse.rankcache",
  "pk": 3,
  "fields": {
    "course": 3,
    "count": 0,
    "difficulty_score": 1.0,
    "funny_score": 1.0,
    "gain_score": 1.0,
    "recommend_score": 1.0,
    "position": 2.0,
    "people": 1
  }
},
{
  "model": "rateMyCourse.rankcache",
  "pk": 4,
  "fields": {
    "course": 4,
    "count": 0,
    "difficulty_score": 5.0,
    "funny_score": 5.0,
    "gain_score": 5.0,
    "recommend_score": 5.0,
    "position": -1.0,
    "people": 1
  }
},
{
  "model": "rateMyCourse.rankcache",
  "pk": 5,
  "fields": {
    "course": 5,
    "count": 0,
    "difficulty_score": 0.0,
    "funny_score": 0.0,
    "gain_score": 0.0,
    "recommend_score": 0.0,
    "position": -1.0,
    "people": 0
  }
},
{
  "model": "rateMyCourse.rankcache",
  "pk": 6,
  "fields": {
    "course": 6,
    "count": 0,
    "difficulty_score": 0.0,
    "funny_score": 0.0,
    "gain_score": 0.0,
    "recommend_score": 0.0,
    "position": -1.0,
    "people": 0
  }
},
{
  "model": "rateMyCourse.rankcache",
  "pk": 7,
  "fields": {
    "course": 7,
    "count": 0,
    "difficulty_score": 0.0,
    "funny_score": 0.0,
    "gain_score": 0.0,
    "recommend_score": 0.0,
    "position": -1.0,
    "people": 0
  }
},
{
  "model": "rateMyCourse.rankcache",
  "pk": 8,
  "fields": {
    "course": 8,
    "count": 0,
    "difficulty_score": 0.0,
    "funny_score": 0.0,
    "gain_score": 0.0,
    "recommend_score": 0.0,
    "position": -1.0,
    "people": 0
  }
},
{
  "model": "rateMyCourse.rankcache",
  "pk": 9,
  "fields": {
    "course": 9,
    "count": 0,
    "difficulty_score": 0.0,
    "funny_score": 0.0,
    "gain_score": 0.0,
    "recommend_score": 0.0,
    "position": -1.0,
    "people": 0
  }
},
{
  "model": "rateMyCourse.rankcache",
  "pk": 10,
  "fields": {
    "course": 10,
    "count": 0,
    "difficulty_score": 0.0,
    "funny_score": 0.0,
    "gain_score": 0.0,
    "recommend_score": 0.0,
    "position": -1.0,
    "people": 0
  }
},
{
  "model": "rateMyCourse.rankcache",
  "pk": 11,
  "fields": {
    "course": 11,
    "count": 0,
    "difficulty_score": 0.0,
    "funny_score": 0.0,
    "gain_score": 0.0,
    "recommend_score": 0.0,
    "position": -1.0,
    "people": 0
  }
},
{
  "model": "rateMyCourse.rankcache",
  "pk": 12,
  "fields": {
    "course": 12,
    "count": 0,
    "difficulty_score": 0.0,
    "funny_score": 0.0,
    "gain_score": 0.0,
    "recommend_score": 0.0,
    "position": -1.0,
    "people": 0
  }
},
{
  "model": "rateMyCourse.rankcache",
  "pk": 13,
  "fields": {
    "course": 13,
    "count": 0,
    "difficulty_score": 0.0,
    "funny_score": 0.0,
    "gain_score": 0.0,
    "recommend_score": 0.0,
    "position": -1.0,
    "people": 0
  }
},
{
  "model": "rateMyCourse.comment",
  "pk": 1,
  "fields": {
    "content": "\u6211\u6210\u529f\u8fdb\u53bb\u5566\uff01",
    "create_time": "2019-04-15T04:10:00Z",
    "edit_time": "2019-04-15T04:10:00Z",
    "parent_comment": -1,
    "rate": 0,
    "teacher": 2
  }
},
{
  "model": "rateMyCourse.comment",
  "pk": 2,
  "fields": {
    "content": "\u90a3\u4f60\u5f88\u68d2\u68d2\u54e6",
    "create_time": "2019-04-15T08:33:00Z",
    "edit_time": "2019-04-15T08:33:00Z",
    "parent_comment": 1,
    "rate": 0,
    "teacher": 2
  }
},
{
  "model": "rateMyCourse.comment",
  "pk": 3,
  "fields": {
    "content": "rbq",
    "create_time": "2019-04-15T08:34:00Z",
    "edit_time": "2019-04-15T08:34:00Z",
    "parent_comment": -1,
    "rate": 0,
    "teacher": 1
  }
},
{
  "model": "rateMyCourse.comment",
  "pk": 4,
  "fields": {
    "content": "efgesrgedsnets",
    "create_time": "2019-05-07T05:48:27.098Z",
    "edit_time": "2019-05-07T05:48:27.145Z",
    "parent_comment": -1,
    "rate": 0,
    "teacher": 3
  }
},
{
  "model": "rateMyCourse.comment",
  "pk": 5,
  "fields": {
    "content": "efgesrgedsnets",
    "create_time": "2019-05-07T05:49:06.196Z",
    "edit_time": "2019-05-07T05:49:06.199Z",
    "parent_comment": -1,
    "rate": 0,
    "teacher": 3
  }
},
{
  "model": "rateMyCourse.comment",
  "pk": 6,
  "fields": {
    "content": "wbascvqeadsvdsv",
    "create_time": "2019-05-07T06:05:02.134Z",
    "edit_time": "2019-05-07T06:05:02.137Z",
    "parent_comment": -1,
    "rate": 0,
    "teacher": 3
  }
},
{
  "model": "rateMyCourse.comment",
  "pk": 7,
  "fields": {
    "content": "wegfweafawefa",
    "create_time": "2019-05-07T07:19:54.888Z",
    "edit_time": "2019-05-07T07:19:54.892Z",
    "parent_comment": -1,
    "rate": 0,
    "teacher": 3
  }
},
{
  "model": "rateMyCourse.comment",
  "pk": 8,
  "fields": {
    "content": "wegfweafawefa",
    "create_time": "2019-05-07T07:21:55.936Z",
    "edit_time": "2019-05-07T07:22:03.532Z",
    "parent_comment": -1,
    "rate": 0,
    "teacher": 3
  }
},
{
  "model": "rateMyCourse.comment",
  "pk": 28,
  "fields": {
    "content": "1",
    "create_time": "2019-04-22T04:59:00Z",
    "edit_time": "2019-04-22T04:59:32.900Z",
    "parent_comment": -1,
    "rate": 0,
    "teacher": 3
  }
},
{
  "model": "rateMyCourse.comment",
  "pk": 29,
  "fields": {
    "content": "2",
    "create_time": "2019-04-22T04:59:00Z",
    "edit_time": "2019-04-22T04:59:39.478Z",
    "parent_comment": -1,
    "rate": 0,
    "teacher": 3
  }
},
{
  "model": "rateMyCourse.comment",
  "pk": 30,
  "fields": {
    "content": "3",
    "create_time": "2019-04-22T04:59:00Z",
    "edit_time": "2019-04-22T04:59:42.901Z",
    "parent_comment": -1,
    "rate": 0,
    "teacher": 3
  }
},
{
  "model": "rateMyCourse.comment",
  "pk": 31,
  "fields": {
    "content": "4",
    "create_time": "2019-04-22T04:59:00Z",
    "edit_time": "2019-04-22T04:59:47.852Z",
    "parent_comment": -1,
    "rate": 0,
    "teacher": 3
  }
},
{
  "model": "rateMyCourse.comment",
  "pk": 32,
  "fields": {
    "content": "5",
    "create_time": "2019-04-22T04:59:00Z",
    "edit_time": "2019-04-22T04:59:51.222Z",
    "parent_comment": -1,
    "rate": 0,
    "teacher": 3
  }
},
{
  "model": "rateMyCourse.comment",
  "pk": 33,
  "fields": {
    "content": "6",
    "create_time": "2019-04-22T04:59:00Z",
    "edit_time": "2019-04-22T04:59:54.868Z",
    "parent_comment": -1,
    "rate": 0,
    "teacher": 3
  }
},
{
  "model": "rateMyCourse.comment",
  "pk": 34,
  "fields": {
    "content": "7",
    "create_time": "2019-04-22T04:59:00Z",
    "edit_time": "2019-04-22T04:59:58.110Z",
    "parent_comment": -1,
    "rate": 0,
    "teacher": 3
  }
},
{
  "model": "rateMyCourse.comment",
  "pk": 35,
  "fields": {
    "content": "8",
    "create_time": "2019-04-22T04:59:00Z",
    "edit_time": "2019-04-22T05:00:00.998Z",
    "parent_comment": -1,
    "rate": 0,
    "teacher": 3
  }
},
{
  "model": "rateMyCourse.comment",
  "pk": 36,
  "fields": {
    "content": "9",
    "create_time": "2019-04-22T05:00:00Z",
    "edit_time": "2019-04-22T05:00:04.654Z",
    "parent_comment": -1,
    "rate": 0,
    "teacher": 3
  }
},
{
  "model": "rateMyCourse.comment",
  "pk": 37,
  "fields": {
    "content": "10",
    "create_time": "2019-04-22T05:00:00Z",
    "edit_time": "2019-04-22T05:00:08.901Z",
    "parent_comment": -1,
    "rate": 0,
    "teacher": 3
  }
},
{
  "model": "rateMyCourse.makecomment",
  "pk": 1,
  "fields": {
    "user": 4,
    "course": 3,
    "comment": 1
  }
},
{
  "model": "rateMyCourse.makecomment",
  "pk": 2,
  "fields": {
    "user": 5,
    "course": 3,
    "comment": 2
  }
},
{
  "model": "rateMyCourse.makecomment",
  "pk": 3,
  "fields": {
    "user": 6,
    "course": 4,
    "comment": 3
  }
},
{
  "model": "rateMyCourse.makecomment",
  "pk": 4,
  "fields": {
    "user": 6,
    "course": 4,
    "comment": 4
  }
},
{
  "model": "rateMyCourse.makecomment",
  "pk": 5,
  "fields": {
    "user": 6,
    "course": 4,
    "comment": 5
  }
},
{
  "model": "rateMyCourse.makecomment",
  "pk": 6,
  "fields": {
    "user": 6,
    "course": 4,
    "comment": 6
  }
},
{
  "model": "rateMyCourse.makecomment",
  "pk": 7,
  "fields": {
    "user": 6,
    "course": 4,
    "comment": 7
  }
},
{
  "model": "rateMyCourse.makecomment",
  "pk": 8,
  "fields": {
    "user": 6,
    "course": 4,
    "comment": 8
  }
},
{
  "model": "rateMyCourse.makecomment",
  "pk": 28,
  "fields": {
    "user": 4,
    "course": 4,
    "comment": 28
  }
},
{
  "model": "rateMyCourse.makecomment",
  "pk": 29,
  "fields": {
    "user": 4,
    "course": 4,
    "comment": 29
  }
},
{
  "model": "rateMyCourse.makecomment",
  "pk": 30,
  "fields": {
    "user": 4,
    "course": 4,
    "comment": 30
  }
},
{
  "model": "rateMyCourse.makecomment",
  "pk": 31,
  "fields": {
    "user": 4,
    "course": 4,
    "comment": 31
  }
},
{
  "model": "rateMyCourse.makecomment",
  "pk": 32,
  "fields": {
    "user": 4,
    "course": 4,
    "comment": 32
  }
},
{
  "model": "rateMyCourse.makecomment",
  "pk": 33,
  "fields": {
    "user": 4,
    "course": 4,
    "comment": 33
  }
},
{
  "model": "rateMyCourse.makecomment",
  "pk": 34,
  "fields": {
    "user": 4,
    "course": 4,
    "comment": 34
  }
},
{
  "model": "rateMyCourse.makecomment",
  "pk": 35,
  "fields": {
    "user": 4,
    "course": 4,
    "comment": 35
  }
},
{
  "model": "rateMyCourse.makecomment",
  "pk": 36,
  "fields": {
    "user": 4,
    "course": 4,
    "comment": 36
  }
},
{
  "model": "rateMyCourse.makecomment",
  "pk": 37,
  "fields": {
    "user": 4,
    "course": 4,
    "comment": 37
  }
},
{
  "model": "auth.user",
  "pk": 1,
  "fields": {
    "password": "pbkdf2_sha256$120000$8lvA2ch3SuqD$OVPXfzj4e8jMlP8O0DFkEXr4H9MkEw9QOVynCZqhF/4=",
    "last_login": "2019-04-05T06:27:32.990Z",
    "is_superuser": true,
    "username": "admin",
    "first_name": "",
    "last_name": "",
    "email": "437566830@qq.com",
    "is_staff": true,
    "is_active": true,
    "date_joined": "2019-04-05T06:27:16.437Z",
    "groups": [],
    "user_permissions": []
  }
},
{
  "model": "auth.user",
  "pk": 2,
  "fields": {
    "password": "pbkdf2_sha256$120000$f3GQxdZQUzdU$OgNHHvNa8VxIGlU7MKtb1nnnQ1WCUgIpcOSNGJbtLnk=",
    "last_login": "2019-05-07T08:27:16.807Z",
    "is_superuser": true,
    "username": "root",
    "first_name": "",
    "last_name": "",
    "email": "fd@fd.com",
    "is_staff": true,
    "is_active": true,
    "date_joined": "2019-04-15T08:30:02.224Z",
    "groups": [],
    "user_permissions": []
  }
},
{
  "model": "sessions.session",
  "pk": "0bnimnfwgh074rvr84wmedvdnj7fhs3s",
  "fields": {
    "session_data": "ODQxZTNjN2FkMDAzN2I3ZWE5ZjM3MTQ5ZjY4YWY5M2U1ZTc2Yzc0NDp7ImF1dGhfc2VzcyI6InJicSIsIl9zZXNzaW9uX2V4cGlyeSI6NzIwMH0=",
    "expire_date": "2019-04-20T06:34:29.081Z"
  }
},
{
  "model": "sessions.session",
  "pk": "0r4djfow6t22547r08dfwpyqgh3b3u8t",
  "fields": {
    "session_data": "ODQxZTNjN2FkMDAzN2I3ZWE5ZjM3MTQ5ZjY4YWY5M2U1ZTc2Yzc0NDp7ImF1dGhfc2VzcyI6InJicSIsIl9zZXNzaW9uX2V4cGlyeSI6NzIwMH0=",
    "expire_date": "2019-05-10T04:39:49.054Z"
  }
},
{
  "model": "sessions.session",
  "pk": "5l1zp2oo8b6q7xup0bteb43jhnuaoact",
  "fields": {
    "session_data": "ODQxZTNjN2FkMDAzN2I3ZWE5ZjM3MTQ5ZjY4YWY5M2U1ZTc2Yzc0NDp7ImF1dGhfc2VzcyI6InJicSIsIl9zZXNzaW9uX2V4cGlyeSI6NzIwMH0=",
    "expire_date": "2019-05-07T09:18:54.237Z"
  }
},
{
  "model": "sessions.session",
  "pk": "7djvkujmgko3qqucez9oacee9oir5xwo",
  "fields": {
    "session_data": "ODQxZTNjN2FkMDAzN2I3ZWE5ZjM3MTQ5ZjY4YWY5M2U1ZTc2Yzc0NDp7ImF1dGhfc2VzcyI6InJicSIsIl9zZXNzaW9uX2V4cGlyeSI6NzIwMH0=",
    "expire_date": "2019-05-10T05:04:57.323Z"
  }
},
{
  "model": "sessions.session",
  "pk": "ahy729tfi64fe3uon61p3rky7iv6d838",
  "fields": {
    "session_data": "ODQxZTNjN2FkMDAzN2I3ZWE5ZjM3MTQ5ZjY4YWY5M2U1ZTc2Yzc0NDp7ImF1dGhfc2VzcyI6InJicSIsIl9zZXNzaW9uX2V4cGlyeSI6NzIwMH0=",
    "expire_date": "2019-05-10T05:07:47.127Z"
  }
},
{
  "model": "sessions.session",
  "pk": "cove3up7fvfirebml1x3y1iwcymgiaqt",
  "fields": {
    "session_data": "ODQxZTNjN2FkMDAzN2I3ZWE5ZjM3MTQ5ZjY4YWY5M2U1ZTc2Yzc0NDp7ImF1dGhfc2VzcyI6InJicSIsIl9zZXNzaW9uX2V4cGlyeSI6NzIwMH0=",
    "expire_date": "2019-05-07T07:46:29.282Z"
  }
},
{
  "model": "sessions.session",
  "pk": "glfowzviv2cx5g44atkjlm13laex2zyl",
  "fields": {
    "session_data": "ODQxZTNjN2FkMDAzN2I3ZWE5ZjM3MTQ5ZjY4YWY5M2U1ZTc2Yzc0NDp7ImF1dGhfc2VzcyI6InJicSIsIl9zZXNzaW9uX2V4cGlyeSI6NzIwMH0=",
    "expire_date": "2019-05-10T05:06:29.839Z"
  }
},
{
  "model": "sessions.session",
  "pk": "ho2fbdxv3lqye9s57pv4aqytk3q87hin",
  "fields": {
    "session_data": "ODQxZTNjN2FkMDAzN2I3ZWE5ZjM3MTQ5ZjY4YWY5M2U1ZTc2Yzc0NDp7ImF1dGhfc2VzcyI6InJicSIsIl9zZXNzaW9uX2V4cGlyeSI6NzIwMH0=",
    "expire_date": "2019-05-10T04:42:05.070Z"
  }
},
{
  "model": "sessions.session",
  "pk": "nwmw5blmtv5htcsodcw8rniwbzaxyfaf",
  "fields": {
    "session_data": "MTU2YzQ1ZWI0NjEzZTRmYzgxOTllYTJiMjllZjMyM2I5NDlmNDU0ODp7Il9hdXRoX3VzZXJfaWQiOiIyIiwiX2F1dGhfdXNlcl9iYWNrZW5kIjoiZGphbmdvLmNvbnRyaWIuYXV0aC5iYWNrZW5kcy5Nb2RlbEJhY2tlbmQiLCJfYXV0aF91c2VyX2hhc2giOiI1NmZjMWJmYjk5M2M5MjhlYjNhYWMwYTY4YmQ5MzY1MjExMDc2ZmIwIn0=",
    "expire_date": "2019-05-21T08:27:17.134Z"
  }
},
{
  "model": "sessions.session",
  "pk": "pg99ji5ddm2dmr29uxnmkszxnklr4hk7",
  "fields": {
    "session_data": "MTU2YzQ1ZWI0NjEzZTRmYzgxOTllYTJiMjllZjMyM2I5NDlmNDU0ODp7Il9hdXRoX3VzZXJfaWQiOiIyIiwiX2F1dGhfdXNlcl9iYWNrZW5kIjoiZGphbmdvLmNvbnRyaWIuYXV0aC5iYWNrZW5kcy5Nb2RlbEJhY2tlbmQiLCJfYXV0aF91c2VyX2hhc2giOiI1NmZjMWJmYjk5M2M5MjhlYjNhYWMwYTY4YmQ5MzY1MjExMDc2ZmIwIn0=",
    "expire_date": "2019-05-04T04:30:57.884Z"
  }
},
{
  "model": "sessions.session",
  "pk": "rzgb2ubveuvuygsgzegzu2m05t4pf8gm",
  "fields": {
    "session_data": "ODQxZTNjN2FkMDAzN2I3ZWE5ZjM3MTQ5ZjY4YWY5M2U1ZTc2Yzc0NDp7ImF1dGhfc2VzcyI6InJicSIsIl9zZXNzaW9uX2V4cGlyeSI6NzIwMH0=",
    "expire_date": "2019-04-20T06:33:22.696Z"
  }
},
{
  "model": "sessions.session",
  "pk": "t9hmb532kmwjtzrheqx6doevl6bv0d2r",
  "fields": {
    "session_data": "ODQxZTNjN2FkMDAzN2I3ZWE5ZjM3MTQ5ZjY4YWY5M2U1ZTc2Yzc0NDp7ImF1dGhfc2VzcyI6InJicSIsIl9zZXNzaW9uX2V4cGlyeSI6NzIwMH0=",
    "expire_date": "2019-05-10T04:33:27.745Z"
  }
},
{
  "model": "sessions.session",
  "pk": "yjeubzxyr2u8wnj82pc4z7h91tm9m9fj",
  "fields": {
    "session_data": "ODQxZTNjN2FkMDAzN2I3ZWE5ZjM3MTQ5ZjY4YWY5M2U1ZTc2Yzc0NDp7ImF1dGhfc2VzcyI6InJicSIsIl9zZXNzaW9uX2V4cGlyeSI6NzIwMH0=",
    "expire_date": "2019-04-20T06:33:57.964Z"
  }
},
{
  "model": "sessions.session",
  "pk": "ykgf7hf5u15baqm3fh1r1sjjfjoj6sv7",
  "fields": {
    "session_data": "ODQxZTNjN2FkMDAzN2I3ZWE5ZjM3MTQ5ZjY4YWY5M2U1ZTc2Yzc0NDp7ImF1dGhfc2VzcyI6InJicSIsIl9zZXNzaW9uX2V4cGlyeSI6NzIwMH0=",
    "expire_date": "2019-04-20T06:35:06.309Z"
  }
}
]
